id,name,gender
1,Cordy,Male
2,Bordy,Male
3,Gerrie,Female
4,Mathilde,Bigender
5,Veronica,Female
6,Stanly,Male
7,Tore,Male
8,Krishna,Male
9,Paulina,Female
10,Thor,Male
11,Adriaens,Female
12,Ara,Female
13,Joelie,Female
14,Avery,Male
15,Amalea,Female
16,Siward,Male
17,Kania,Bigender
18,Nolie,Female
19,Augy,Male
20,Anett,Bigender
21,Prince,Male
22,Shawna,Female
23,Gale,Female
24,Darnall,Male
25,Alfonse,Male
26,Graig,Male
27,Correy,Female
28,Paddie,Male
29,Carolina,Female
30,Lemar,Male
31,Phaidra,Female
32,Finley,Male
33,Rosaleen,Female
34,Rikki,Female
35,Ede,Agender
36,Anatole,Male
37,Dara,Female
38,Gery,Male
39,Shawn,Male
40,Darcee,Female
41,Blanch,Female
42,Betty,Female
43,Orelie,Agender
44,Susi,Female
45,Corine,Female
46,Shani,Female
47,Tedmund,Male
48,Janet,Female
49,Anabal,Female
50,Adair,Male
51,Beale,Male
52,Marylin,Female
53,Dacie,Female
54,Kit,Male
55,Tracey,Female
56,Belicia,Female
57,Jodi,Male
58,Cordy,Bigender
59,Anton,Male
60,Sampson,Male
61,Sheelagh,Female
62,Imelda,Female
63,Tarra,Female
64,Richardo,Male
65,Ritchie,Male
66,Anna,Non-binary
67,Hendrik,Male
68,Francisco,Male
69,Gabriellia,Female
70,Nikki,Female
71,Donella,Female
72,Kenn,Male
73,Giffer,Male
74,Tamar,Female
75,Fran,Male
76,Sascha,Male
77,Koressa,Female
78,Inessa,Female
79,Shannon,Female
80,Sarina,Female
81,Callean,Male
82,Barbie,Female
83,Jannelle,Female
84,Saudra,Female
85,Rosie,Female
86,Carley,Female
87,Jard,Male
88,Karalynn,Female
89,Marco,Male
90,Cornall,Male
91,Delila,Female
92,Billi,Female
93,Halimeda,Female
94,Cissy,Female
95,Emmett,Male
96,Theodore,Male
97,Louis,Male
98,Gorden,Male
99,Morly,Male
100,Domini,Female
